id transaksi;barang;;;
1;Sepatu Lari, Kaos Kaki;;;
2;Sepatu Roda, Bola Sepak, Setelan Kiper;;;
3;Net Voli, Singlet;;;
4;Kaos Kaki, Skin;;;
5;Kaos, Celana;;;
6;Stelan, Kaos Kaki;;;
7;Skin, Kaos Kaki;;;
8;Jaket, Tas;;;
9;Manset, Strit;;;
10;Sepatu Futsal, Kaos Kaki;;;
11;Sepatu Badminton, Kaos Kaki;;;
12;Sepatu Futsal, Stelan, Skin, Kaos Kaki;;;
13;Jogger, Celana;;;
14;Ankle, Elbow;;;
15;Celana, Kaos Kaki;;;
16;Kaos, Stelan, Kaos Kaki;;;
17;Kaos Kaki, Celana;;;
18;Kaos Kaki, Skin;;;
19;Sepatu Bola, Kaos Kaki;;;
20;Sepatu Badminton, Jogger;;;
21;Celana, Kaos Kaki;;;
22;Celana, Strit;;;
23;Kaos, Manset, Strit;;;
24;Knee, Elbow;;;
25;Skin, Kaos Kaki;;;
26;Sepatu Lari, Kaos Kaki;;;
27;Bola Voli, Pompa;;;
28;Jaket, Kaos, Training;;;
29;Sepatu Lari, Tas;;;
30;Training, Manset;;;
31;Strit, Kaos Kaki;;;
32;Training, Celana;;;
33;Meteran, Stopwatch, Cone;;;
34;Sepatu Badminton, Tas;;;
35;Sepatu Futsal, Kaos Kaki;;;
36;Baju Renang, Peluit;;;
37;Sepatu Lari, Kaos Kaki;;;
38;Jogger, Kaos Kaki;;;
39;Kaos Kaki, Ankle;;;
40;Kacamata, Strit;;;
41;Sepatu Bola, Kaos Kaki, Celana;;;
42;Sepatu Futsal, Tas;;;
43;Sepatu Futsal, Skin;;;
44;Kaos Kaki, Grip Raket;;;
45;Sepatu Badminton, Kaos Kaki;;;
46;Strit, Manset;;;
47;Kaos, Training;;;
48;Manset, Tas, Kaos Kaki;;;
49;Kaos Kaki, Skin;;;
50;Knee, Celana;;;
51;Sepatu Badminton, Celana;;;
52;Bola Basket,  Kaos Kaki, Knee, Celana;;;
53;Tas, Skin;;;
54;Celana, Kaos Kaki;;;
55;Knee, Dekker Jari;;;
56;Jogger, Kaos Kaki;;;
57;Kaos, Celana, Stelan;;;
58;Kaos, Celana, Stelan;;;
59;Sepatu Bola, Kaos Kaki, Skin, Tas;;;
60;Training, Kaos Kaki, Celana;;;
61;Tas, Baju Renang, Kacamata;;;
62;Sepatu Futsal, Kaos Kaki;;;
63;Kaos Kaki, Tas, Skipping;;;
64;Jogger, Skipping;;;
65;Kaos Kaki, Stelan, Tas;;;
66;Sepatu Bola, Kaos Kaki;;;
67;Celana, Manset, Strit;;;
68;Sepatu Bola, Skin, Kaos Kaki;;;
69;Skin, Tas;;;
70;Tas, Sepatu Futsal;;;
71;Kaos, Celana;;;
72;Bola, Stelan, Jaket, Kaos Kaki;;;
73;Sepatu Futsal, Kaos Kaki;;;
74;Kok, Raket, Grip;;;
75;Tas, Skin, Stelan;;;
76;Skin, Kaos Kaki;;;
77;Celana, Kok;;;
78;Kos, Jogger;;;
79;Jogger, Celana;;;
80;Sepatu, Skin, Kaos Kaki;;;
81;Jogger, Kaos;;;
82;Jogger, Celana;;;
83;Kaos, Stelan;;;
84;Kaos Kaki, Stelan;;;
85;Sepatu Bola, Kaos Kaki;;;
86;Manset, Stelan, Jaket, Sepatu Badminton, Kaos Kaki;;;
87;Training, Kaos Kaki;;;
88;Sepatu Bola, Kaos Kaki;;;
89;Kaos, Training;;;
90;Sepatu Bola, Stelan, Celana;;;
91;Skin, Rompi;;;
92;Pemukul Kasti, Manset;;;
93;Sepatu Bola, Skin, Kaos Kaki;;;
94;Sepatu Bola, Kaos Kaki;;;
95;Sepatu Futsal, Kaos Kaki, Stelan;;;
96;Raket, Kok;;;
97;Rompi, Kaos Kaki;;;
98;Manset, Kaos Kaki;;;
99;Sepatu Voli, Kaos Kaki;;;
100;Jogger, Celana;;;
101;Bola Tenis, Kok, Pemukul Kasti;;;
102;Skin, Kaos Kaki;;;
103;Sepatu Bola, Kaos Kaki;;;
104;Celana, Kaos Kaki;;;
105;Bola Takraw, Bola Pingpong;;;
106;Sepatu Bola, Kaos Kaki;;;
107;Sepatu Badminton, Kaos Kaki;;;
108;Celana, Stelan;;;
109;Setelan Kiper, Tali Sepatu;;;
110;Bola Voli, Net Voli;;;
111;Sepatu Bola, Kaos Kaki, Skin;;;
112;Rompi, Stelan;;;
113;Sepatu Lari, Elbow;;;
114;Kaos Kaki, Tas, Ankle;;;
115;Celana, Kaos, Stelan, Kaos Kaki;;;
116;Sepatu Bola, Tas;;;
117;Strit, Kaos Kaki, Kinesio;;;
118;Training, Tas;;;
119;Training, Kaos Kaki;;;
120;Stelan, Tas;;;
121;Kaos Kaki, Handgrip;;;
122;Tas, Dekker Jari;;;
123;Dekker Jari, Peluit, Strit;;;
124;Stelan, Bola Kasti;;;
125;Sepatu Bola, Tas;;;
126;Sepatu Bola, Kaos Kaki;;;
127;Jaket, Skipping;;;
128;Baju Renang, Kacamata;;;
129;Tas, Kaos Kaki;;;
130;Sepatu Voli, Manset;;;
131;Jogger, Celana;;;
132;Stelan, Kaos Kaki;;;
133;Stelan, Manset;;;
134;Sepatu Voli, Kaos Kaki;;;
135;Bola Voli, Stopwatch;;;
136;Kaos Kaki, Kinesio;;;
137;Kaos Kaki, Manset, Strit;;;
138;Stelan, Kaos, Tas;;;
139;Kaos Kaki, Jogger;;;
140;Kacamata, Skipping;;;
141;Celana, Handgrip, Kaos Kaki;;;
142;Pemukul Kasti, Bola Kasti;;;
143;Sepatu Bola, Elbow;;;
144;Jogger, Kaos;;;
145;Sepatu Voli, Kaos Kaki;;;
146;Jogger, Training, Kaos, Kaos Kaki;;;
147;Training, Celana;;;
148;Sepatu, Kaos Kaki, Celana;;;
149;Bola Futsal, Net Voli;;;
150;Sepatu Bola, Kaos Kaki, Stelan;;;
151;Sepatu, Skin, Kaos Kaki;;;
152;Kaos Kaki, Tas, Skin, Dekker;;;
153;Kaos Kaki, Skin;;;
154;Peluit, Jogger;;;
155;Kaos Kaki, Kaos, Wrist Tape, Dekker Jari;;;
156;Bola Sepak, Baju Renang;;;
157;Bola Sepak, Bola Basket;;;
158;Kaos, Training;;;
159;Kaos, Celana;;;
160;Bola Voli, Kaos;;;
161;Sepatu Futsal, Knee;;;
162;Sepatu Bola, Celana;;;
163;Sepatu Lari, Kaos Kaki;;;
164;Piala, Bola;;;
165;Kaos Kaki, Tas;;;
166;Kaos, Celana;;;
167;Kaos Kaki, Tas, Skin;;;
168;Sepatu Voli, Kaos Kaki;;;
169;Celana, Kaos;;;
170;Jogger, Celana;;;
171;Wrist Tape, Kaos Kaki;;;
172;Celana, Tas;;;
173;Baju Renang, Kacamata, Knee;;;
174;Sepatu Lari, Kaos Kaki;;;
175;Sepatu Futsal, Kaos Kaki;;;
176;Sepatu Lari, Kinesio, Celana;;;
177;Bola Voli, Celana;;;
178;Sepatu Bola, Skin, Stelan;;;
179;Sepatu, Kaos Kaki, Tas;;;
180;Sepatu Bola, Jaket, Dekker;;;
181;Sepatu Tenis, Kaos Kaki, Tas;;;
182;Celana, Kaos Kaki;;;
183;Bola Sepak, Skin;;;
184;Stelan, Tas;;;
185;Sepatu Futsal, Kaos Kaki;;;
186;Sepatu Futsal, Kaos Kaki, Tas;;;
187;Jogger, Jaket;;;
188;Sepatu Bola, Kaos Kaki, Sarung Tangan;;;
189;Tas, Stelan, Jogger;;;
190;Training, Stelan, Celana;;;
191;Knee, Kaos Kaki;;;
192;Sepatu Bola, Kaos Kaki;;;
193;Sepatu Bola, Tas, Skin;;;
194;Sepatu Bola, Skin, Kaos Kaki;;;
195;Sepatu, Kaos Kaki, Skin;;;
196;Raket, Kok;;;
197;Celana, Stelan;;;
198;Baju Renang, Kaos Kaki, Wrist Tape, Supporter;;;
199;Sepatu Bola, Kaos Kaki;;;
200;Kinesio, Knee, Skin;;;